,cve.id,cve.sourceIdentifier,cve.published,cve.lastModified,cve.vulnStatus,cve.affected,cve.metrics.ssvcV203,cve.references,cve.cisaExploitAdd,cve.cisaActionDue,cve.cisaRequiredAction,cve.cisaVulnerabilityName,description,vulnerable_cpes,num_references,cwe_list,cvss_version,cvss_vectorString,cvss_baseScore,cvss_baseSeverity,cvss_attackVector,cvss_attackComplexity,cvss_privilegesRequired,cvss_userInteraction,cvss_scope,cvss_confidentialityImpact,cvss_integrityImpact,cvss_availabilityImpact,cve,epss,percentile,vendors
76,CVE-2025-9794,cna@vuldb.com,2025-09-01 21:15:29.330,2026-06-17 10:09:46.850,Analyzed,"[{'source': 'cna@vuldb.com', 'affectedData': [{'vendor': 'Campcodes', 'product': 'Computer Sales and Inventory System', 'versions': [{'version': '1.0', 'status': 'affected'}]}]}]","[{'source': '134c704f-9b21-4f2e-91b3-4a467353bcc0', 'ssvcData': {'timestamp': '2025-09-02T13:44:00.548332Z', 'id': 'CVE-2025-9794', 'options': [{'exploitation': 'poc'}, {'automatable': 'yes'}, {'technicalImpact': 'partial'}], 'role': 'CISA Coordinator', 'version': '2.0.3'}}]","[{'url': 'https://github.com/Yuanwennnn/cve/issues/2', 'source': 'cna@vuldb.com', 'tags': ['Exploit', 'Issue Tracking']}, {'url': 'https://github.com/e1evensu/cve/issues/1', 'source': 'cna@vuldb.com', 'tags': ['Exploit', 'Issue Tracking']}, {'url': 'https://vuldb.com/?ctiid.322109', 'source': 'cna@vuldb.com', 'tags': ['Permissions Required', 'VDB Entry']}, {'url': 'https://vuldb.com/?id.322109', 'source': 'cna@vuldb.com', 'tags': ['Third Party Advisory', 'VDB Entry']}, {'url': 'https://vuldb.com/?submit.641103', 'source': 'cna@vuldb.com', 'tags': ['Third Party Advisory', 'VDB Entry']}, {'url': 'https://vuldb.com/?submit.642559', 'source': 'cna@vuldb.com', 'tags': ['Third Party Advisory', 'VDB Entry']}, {'url': 'https://www.campcodes.com/', 'source': 'cna@vuldb.com', 'tags': ['Product']}, {'url': 'https://github.com/Yuanwennnn/cve/issues/2', 'source': '134c704f-9b21-4f2e-91b3-4a467353bcc0', 'tags': ['Exploit', 'Issue Tracking']}, {'url': 'https://github.com/e1evensu/cve/issues/1', 'source': '134c704f-9b21-4f2e-91b3-4a467353bcc0', 'tags': ['Exploit', 'Issue Tracking']}]",,,,,A flaw has been found in Campcodes Computer Sales and Inventory System 1.0. The affected element is an unknown function of the file /pages/pos_transac.php?action=add. Executing manipulation of the argument cash/firstname can lead to sql injection. The attack may be performed from remote. The exploit has been published and may be used. Other parameters might be affected as well.,['cpe:2.3:a:campcodes:computer_sales_and_inventory_system:1.0:*:*:*:*:*:*:*'],9,"['CWE-74', 'CWE-89']",3.1,CVSS:3.1/AV:N/AC:L/PR:N/UI:N/S:U/C:H/I:H/A:H,9.8,CRITICAL,NETWORK,LOW,NONE,NONE,UNCHANGED,HIGH,HIGH,HIGH,CVE-2025-9794,0.00043,0.12688,['campcodes']
160,CVE-2025-9829,cna@vuldb.com,2025-09-02 19:15:33.323,2026-06-17 10:09:51.270,Analyzed,"[{'source': 'cna@vuldb.com', 'affectedData': [{'vendor': 'PHPGurukul', 'product': 'Beauty Parlour Management System', 'versions': [{'version': '1.1', 'status': 'affected'}]}]}]","[{'source': '134c704f-9b21-4f2e-91b3-4a467353bcc0', 'ssvcData': {'timestamp': '2025-09-02T18:58:41.266709Z', 'id': 'CVE-2025-9829', 'options': [{'exploitation': 'poc'}, {'automatable': 'yes'}, {'technicalImpact': 'partial'}], 'role': 'CISA Coordinator', 'version': '2.0.3'}}]","[{'url': 'https://github.com/dad-zm/myCVE/issues/4', 'source': 'cna@vuldb.com', 'tags': ['Exploit', 'Issue Tracking', 'Third Party Advisory']}, {'url': 'https://phpgurukul.com/', 'source': 'cna@vuldb.com', 'tags': ['Product']}, {'url': 'https://vuldb.com/?ctiid.322176', 'source': 'cna@vuldb.com', 'tags': ['Press/Media Coverage', 'VDB Entry']}, {'url': 'https://vuldb.com/?id.322176', 'source': 'cna@vuldb.com', 'tags': ['Third Party Advisory', 'VDB Entry']}, {'url': 'https://vuldb.com/?submit.641587', 'source': 'cna@vuldb.com', 'tags': ['Third Party Advisory', 'VDB Entry']}, {'url': 'https://vuldb.com/?submit.641592', 'source': 'cna@vuldb.com', 'tags': ['Third Party Advisory', 'VDB Entry']}, {'url': 'https://vuldb.com/?submit.641595', 'source': 'cna@vuldb.com', 'tags': ['Third Party Advisory', 'VDB Entry']}, {'url': 'https://github.com/dad-zm/myCVE/issues/4', 'source': '134c704f-9b21-4f2e-91b3-4a467353bcc0', 'tags': ['Exploit', 'Issue Tracking', 'Third Party Advisory']}]",,,,,A vulnerability was identified in PHPGurukul Beauty Parlour Management System 1.1. The impacted element is an unknown function of the file /signup.php. The manipulation of the argument mobilenumber leads to sql injection. Remote exploitation of the attack is possible. The exploit is publicly available and might be used. Other parameters might be affected as well.,['cpe:2.3:a:phpgurukul:beauty_parlour_management_system:1.1:*:*:*:*:*:*:*'],8,"['CWE-74', 'CWE-89', 'CWE-89']",3.1,CVSS:3.1/AV:N/AC:L/PR:N/UI:N/S:U/C:H/I:H/A:H,9.8,CRITICAL,NETWORK,LOW,NONE,NONE,UNCHANGED,HIGH,HIGH,HIGH,CVE-2025-9829,0.00039,0.11309,['phpgurukul']
2160,CVE-2025-31255,product-security@apple.com,2025-09-15 23:15:29.817,2026-06-17 09:10:10.280,Modified,"[{'source': 'product-security@apple.com', 'affectedData': [{'vendor': 'Apple', 'product': 'iOS and iPadOS', 'versions': [{'version': '0', 'lessThan': '26', 'versionType': 'custom', 'status': 'affected'}]}, {'vendor': 'Apple', 'product': 'macOS', 'versions': [{'version': '0', 'lessThan': '14.8', 'versionType': 'custom', 'status': 'affected'}, {'version': '0', 'lessThan': '15.7', 'versionType': 'custom', 'status': 'affected'}, {'version': '0', 'lessThan': '26', 'versionType': 'custom', 'status': 'affected'}]}, {'vendor': 'Apple', 'product': 'tvOS', 'versions': [{'version': '0', 'lessThan': '26', 'versionType': 'custom', 'status': 'affected'}]}, {'vendor': 'Apple', 'product': 'watchOS', 'versions': [{'version': '0', 'lessThan': '26', 'versionType': 'custom', 'status': 'affected'}]}]}]","[{'source': '134c704f-9b21-4f2e-91b3-4a467353bcc0', 'ssvcData': {'timestamp': '2025-09-16T13:40:52.267869Z', 'id': 'CVE-2025-31255', 'options': [{'exploitation': 'none'}, {'automatable': 'yes'}, {'technicalImpact': 'total'}], 'role': 'CISA Coordinator', 'version': '2.0.3'}}]","[{'url': 'https://support.apple.com/en-us/125108', 'source': 'product-security@apple.com', 'tags': ['Release Notes', 'Vendor Advisory']}, {'url': 'https://support.apple.com/en-us/125110', 'source': 'product-security@apple.com'}, {'url': 'https://support.apple.com/en-us/125111', 'source': 'product-security@apple.com', 'tags': ['Release Notes', 'Vendor Advisory']}, {'url': 'https://support.apple.com/en-us/125112', 'source': 'product-security@apple.com', 'tags': ['Release Notes', 'Vendor Advisory']}, {'url': 'https://support.apple.com/en-us/125114', 'source': 'product-security@apple.com', 'tags': ['Release Notes', 'Vendor Advisory']}, {'url': 'https://support.apple.com/en-us/125116', 'source': 'product-security@apple.com', 'tags': ['Release Notes', 'Vendor Advisory']}, {'url': 'http://seclists.org/fulldisclosure/2025/Sep/49', 'source': 'af854a3a-2127-422b-91ae-364da2661108'}, {'url': 'http://seclists.org/fulldisclosure/2025/Sep/53', 'source': 'af854a3a-2127-422b-91ae-364da2661108'}, {'url': 'http://seclists.org/fulldisclosure/2025/Sep/54', 'source': 'af854a3a-2127-422b-91ae-364da2661108'}, {'url': 'http://seclists.org/fulldisclosure/2025/Sep/55', 'source': 'af854a3a-2127-422b-91ae-364da2661108'}, {'url': 'http://seclists.org/fulldisclosure/2025/Sep/57', 'source': 'af854a3a-2127-422b-91ae-364da2661108'}]",,,,,"An authorization issue was addressed with improved state management. This issue is fixed in iOS 26 and iPadOS 26, macOS Sequoia 15.7, macOS Sonoma 14.8, macOS Tahoe 26, tvOS 26, watchOS 26. An app may be able to access sensitive user data.","['cpe:2.3:o:apple:ipados:*:*:*:*:*:*:*:*', 'cpe:2.3:o:apple:iphone_os:*:*:*:*:*:*:*:*', 'cpe:2.3:o:apple:macos:*:*:*:*:*:*:*:*', 'cpe:2.3:o:apple:macos:*:*:*:*:*:*:*:*', 'cpe:2.3:o:apple:tvos:*:*:*:*:*:*:*:*', 'cpe:2.3:o:apple:watchos:*:*:*:*:*:*:*:*']",11,['CWE-285'],3.1,CVSS:3.1/AV:N/AC:L/PR:N/UI:N/S:U/C:H/I:H/A:H,9.8,CRITICAL,NETWORK,LOW,NONE,NONE,UNCHANGED,HIGH,HIGH,HIGH,CVE-2025-31255,0.00063,0.20115,['apple']
2216,CVE-2025-43342,product-security@apple.com,2025-09-15 23:15:36.483,2026-06-17 09:23:47.740,Modified,"[{'source': 'product-security@apple.com', 'affectedData': [{'vendor': 'Apple', 'product': 'Safari', 'versions': [{'version': '0', 'lessThan': '26', 'versionType': 'custom', 'status': 'affected'}]}, {'vendor': 'Apple', 'product': 'iOS and iPadOS', 'versions': [{'version': '0', 'lessThan': '18.7', 'versionType': 'custom', 'status': 'affected'}, {'version': '0', 'lessThan': '26', 'versionType': 'custom', 'status': 'affected'}]}, {'vendor': 'Apple', 'product': 'macOS', 'versions': [{'version': '0', 'lessThan': '26', 'versionType': 'custom', 'status': 'affected'}]}, {'vendor': 'Apple', 'product': 'tvOS', 'versions': [{'version': '0', 'lessThan': '26', 'versionType': 'custom', 'status': 'affected'}]}, {'vendor': 'Apple', 'product': 'visionOS', 'versions': [{'version': '0', 'lessThan': '26', 'versionType': 'custom', 'status': 'affected'}]}, {'vendor': 'Apple', 'product': 'watchOS', 'versions': [{'version': '0', 'lessThan': '26', 'versionType': 'custom', 'status': 'affected'}]}]}]","[{'source': '134c704f-9b21-4f2e-91b3-4a467353bcc0', 'ssvcData': {'timestamp': '2025-09-16T13:38:38.852885Z', 'id': 'CVE-2025-43342', 'options': [{'exploitation': 'none'}, {'automatable': 'yes'}, {'technicalImpact': 'total'}], 'role': 'CISA Coordinator', 'version': '2.0.3'}}]","[{'url': 'https://support.apple.com/en-us/125108', 'source': 'product-security@apple.com', 'tags': ['Release Notes', 'Vendor Advisory']}, {'url': 'https://support.apple.com/en-us/125109', 'source': 'product-security@apple.com', 'tags': ['Release Notes', 'Vendor Advisory']}, {'url': 'https://support.apple.com/en-us/125110', 'source': 'product-security@apple.com'}, {'url': 'https://support.apple.com/en-us/125113', 'source': 'product-security@apple.com', 'tags': ['Release Notes', 'Vendor Advisory']}, {'url': 'https://support.apple.com/en-us/125114', 'source': 'product-security@apple.com', 'tags': ['Release Notes', 'Vendor Advisory']}, {'url': 'https://support.apple.com/en-us/125115', 'source': 'product-security@apple.com', 'tags': ['Release Notes', 'Vendor Advisory']}, {'url': 'https://support.apple.com/en-us/125116', 'source': 'product-security@apple.com', 'tags': ['Release Notes', 'Vendor Advisory']}, {'url': 'http://seclists.org/fulldisclosure/2025/Sep/49', 'source': 'af854a3a-2127-422b-91ae-364da2661108', 'tags': ['Mailing List', 'Third Party Advisory']}, {'url': 'http://seclists.org/fulldisclosure/2025/Sep/53', 'source': 'af854a3a-2127-422b-91ae-364da2661108', 'tags': ['Mailing List', 'Third Party Advisory']}, {'url': 'http://seclists.org/fulldisclosure/2025/Sep/57', 'source': 'af854a3a-2127-422b-91ae-364da2661108', 'tags': ['Mailing List', 'Third Party Advisory']}, {'url': 'http://seclists.org/fulldisclosure/2025/Sep/59', 'source': 'af854a3a-2127-422b-91ae-364da2661108', 'tags': ['Mailing List', 'Third Party Advisory']}, {'url': 'http://www.openwall.com/lists/oss-security/2025/09/22/3', 'source': 'af854a3a-2127-422b-91ae-364da2661108', 'tags': ['Mailing List', 'Third Party Advisory']}]",,,,,"A correctness issue was addressed with improved checks. This issue is fixed in Safari 26, iOS 18.7 and iPadOS 18.7, iOS 26 and iPadOS 26, macOS Tahoe 26, tvOS 26, visionOS 26, watchOS 26. Processing maliciously crafted web content may lead to an unexpected process crash.","['cpe:2.3:a:apple:safari:*:*:*:*:*:*:*:*', 'cpe:2.3:o:apple:ipados:*:*:*:*:*:*:*:*', 'cpe:2.3:o:apple:iphone_os:*:*:*:*:*:*:*:*', 'cpe:2.3:o:apple:macos:*:*:*:*:*:*:*:*', 'cpe:2.3:o:apple:tvos:*:*:*:*:*:*:*:*', 'cpe:2.3:o:apple:visionos:*:*:*:*:*:*:*:*', 'cpe:2.3:o:apple:watchos:*:*:*:*:*:*:*:*', 'cpe:2.3:a:webkitgtk:webkitgtk:*:*:*:*:*:*:*:*', 'cpe:2.3:a:wpewebkit:wpe_webkit:*:*:*:*:*:*:*:*']",12,['CWE-20'],3.1,CVSS:3.1/AV:N/AC:L/PR:N/UI:N/S:U/C:H/I:H/A:H,9.8,CRITICAL,NETWORK,LOW,NONE,NONE,UNCHANGED,HIGH,HIGH,HIGH,CVE-2025-43342,0.00217,0.44439,"['webkitgtk', 'apple', 'wpewebkit']"
2217,CVE-2025-43343,product-security@apple.com,2025-09-15 23:15:36.603,2026-06-17 09:23:47.887,Modified,"[{'source': 'product-security@apple.com', 'affectedData': [{'vendor': 'Apple', 'product': 'Safari', 'versions': [{'version': '0', 'lessThan': '26', 'versionType': 'custom', 'status': 'affected'}]}, {'vendor': 'Apple', 'product': 'iOS and iPadOS', 'versions': [{'version': '0', 'lessThan': '26', 'versionType': 'custom', 'status': 'affected'}]}, {'vendor': 'Apple', 'product': 'macOS', 'versions': [{'version': '0', 'lessThan': '26', 'versionType': 'custom', 'status': 'affected'}]}, {'vendor': 'Apple', 'product': 'tvOS', 'versions': [{'version': '0', 'lessThan': '26', 'versionType': 'custom', 'status': 'affected'}]}, {'vendor': 'Apple', 'product': 'visionOS', 'versions': [{'version': '0', 'lessThan': '26', 'versionType': 'custom', 'status': 'affected'}]}, {'vendor': 'Apple', 'product': 'watchOS', 'versions': [{'version': '0', 'lessThan': '26', 'versionType': 'custom', 'status': 'affected'}]}]}]","[{'source': '134c704f-9b21-4f2e-91b3-4a467353bcc0', 'ssvcData': {'timestamp': '2025-09-16T13:36:38.705148Z', 'id': 'CVE-2025-43343', 'options': [{'exploitation': 'none'}, {'automatable': 'yes'}, {'technicalImpact': 'total'}], 'role': 'CISA Coordinator', 'version': '2.0.3'}}]","[{'url': 'https://support.apple.com/en-us/125108', 'source': 'product-security@apple.com', 'tags': ['Release Notes', 'Vendor Advisory']}, {'url': 'https://support.apple.com/en-us/125110', 'source': 'product-security@apple.com'}, {'url': 'https://support.apple.com/en-us/125113', 'source': 'product-security@apple.com', 'tags': ['Release Notes', 'Vendor Advisory']}, {'url': 'https://support.apple.com/en-us/125114', 'source': 'product-security@apple.com', 'tags': ['Release Notes', 'Vendor Advisory']}, {'url': 'https://support.apple.com/en-us/125115', 'source': 'product-security@apple.com', 'tags': ['Release Notes', 'Vendor Advisory']}, {'url': 'https://support.apple.com/en-us/125116', 'source': 'product-security@apple.com', 'tags': ['Release Notes', 'Vendor Advisory']}, {'url': 'http://seclists.org/fulldisclosure/2025/Sep/49', 'source': 'af854a3a-2127-422b-91ae-364da2661108', 'tags': ['Mailing List', 'Third Party Advisory']}, {'url': 'http://seclists.org/fulldisclosure/2025/Sep/53', 'source': 'af854a3a-2127-422b-91ae-364da2661108', 'tags': ['Mailing List', 'Third Party Advisory']}, {'url': 'http://seclists.org/fulldisclosure/2025/Sep/57', 'source': 'af854a3a-2127-422b-91ae-364da2661108', 'tags': ['Mailing List', 'Third Party Advisory']}, {'url': 'http://seclists.org/fulldisclosure/2025/Sep/59', 'source': 'af854a3a-2127-422b-91ae-364da2661108', 'tags': ['Mailing List', 'Third Party Advisory']}, {'url': 'http://www.openwall.com/lists/oss-security/2025/10/13/4', 'source': 'af854a3a-2127-422b-91ae-364da2661108', 'tags': ['Mailing List', 'Third Party Advisory']}, {'url': 'https://access.redhat.com/errata/RHSA-2025:19946', 'source': 'af854a3a-2127-422b-91ae-364da2661108'}, {'url': 'https://security-tracker.debian.org/tracker/CVE-2025-43343', 'source': 'af854a3a-2127-422b-91ae-364da2661108'}, {'url': 'https://ubuntu.com/security/CVE-2025-43343', 'source': 'af854a3a-2127-422b-91ae-364da2661108'}, {'url': 'https://webkitgtk.org/security/WSA-2025-0007.html', 'source': 'af854a3a-2127-422b-91ae-364da2661108'}]",,,,,"The issue was addressed with improved memory handling. This issue is fixed in Safari 26, iOS 26 and iPadOS 26, macOS Tahoe 26, tvOS 26, visionOS 26, watchOS 26. Processing maliciously crafted web content may lead to an unexpected process crash.","['cpe:2.3:a:apple:safari:*:*:*:*:*:*:*:*', 'cpe:2.3:o:apple:ipados:*:*:*:*:*:*:*:*', 'cpe:2.3:o:apple:iphone_os:*:*:*:*:*:*:*:*', 'cpe:2.3:o:apple:macos:*:*:*:*:*:*:*:*', 'cpe:2.3:o:apple:tvos:*:*:*:*:*:*:*:*', 'cpe:2.3:o:apple:visionos:*:*:*:*:*:*:*:*', 'cpe:2.3:o:apple:watchos:*:*:*:*:*:*:*:*', 'cpe:2.3:a:webkitgtk:webkitgtk:*:*:*:*:*:*:*:*', 'cpe:2.3:a:wpewebkit:wpe_webkit:*:*:*:*:*:*:*:*']",15,['CWE-119'],3.1,CVSS:3.1/AV:N/AC:L/PR:N/UI:N/S:U/C:H/I:H/A:H,9.8,CRITICAL,NETWORK,LOW,NONE,NONE,UNCHANGED,HIGH,HIGH,HIGH,CVE-2025-43343,0.00065,0.20781,"['webkitgtk', 'apple', 'wpewebkit']"
2220,CVE-2025-43347,product-security@apple.com,2025-09-15 23:15:36.953,2026-06-17 09:23:48.463,Modified,"[{'source': 'product-security@apple.com', 'affectedData': [{'vendor': 'Apple', 'product': 'iOS and iPadOS', 'versions': [{'version': '0', 'lessThan': '26', 'versionType': 'custom', 'status': 'affected'}]}, {'vendor': 'Apple', 'product': 'macOS', 'versions': [{'version': '0', 'lessThan': '26', 'versionType': 'custom', 'status': 'affected'}]}, {'vendor': 'Apple', 'product': 'tvOS', 'versions': [{'version': '0', 'lessThan': '26', 'versionType': 'custom', 'status': 'affected'}]}, {'vendor': 'Apple', 'product': 'visionOS', 'versions': [{'version': '0', 'lessThan': '26', 'versionType': 'custom', 'status': 'affected'}]}, {'vendor': 'Apple', 'product': 'watchOS', 'versions': [{'version': '0', 'lessThan': '26', 'versionType': 'custom', 'status': 'affected'}]}]}]","[{'source': '134c704f-9b21-4f2e-91b3-4a467353bcc0', 'ssvcData': {'timestamp': '2025-09-16T13:41:13.245104Z', 'id': 'CVE-2025-43347', 'options': [{'exploitation': 'none'}, {'automatable': 'yes'}, {'technicalImpact': 'total'}], 'role': 'CISA Coordinator', 'version': '2.0.3'}}]","[{'url': 'https://support.apple.com/en-us/125108', 'source': 'product-security@apple.com', 'tags': ['Release Notes', 'Vendor Advisory']}, {'url': 'https://support.apple.com/en-us/125110', 'source': 'product-security@apple.com'}, {'url': 'https://support.apple.com/en-us/125114', 'source': 'product-security@apple.com', 'tags': ['Release Notes', 'Vendor Advisory']}, {'url': 'https://support.apple.com/en-us/125115', 'source': 'product-security@apple.com', 'tags': ['Release Notes', 'Vendor Advisory']}, {'url': 'https://support.apple.com/en-us/125116', 'source': 'product-security@apple.com', 'tags': ['Release Notes', 'Vendor Advisory']}, {'url': 'http://seclists.org/fulldisclosure/2025/Sep/49', 'source': 'af854a3a-2127-422b-91ae-364da2661108'}, {'url': 'http://seclists.org/fulldisclosure/2025/Sep/53', 'source': 'af854a3a-2127-422b-91ae-364da2661108'}, {'url': 'http://seclists.org/fulldisclosure/2025/Sep/56', 'source': 'af854a3a-2127-422b-91ae-364da2661108'}, {'url': 'http://seclists.org/fulldisclosure/2025/Sep/57', 'source': 'af854a3a-2127-422b-91ae-364da2661108'}, {'url': 'http://seclists.org/fulldisclosure/2025/Sep/58', 'source': 'af854a3a-2127-422b-91ae-364da2661108'}]",,,,,"This issue was addressed by removing the vulnerable code. This issue is fixed in iOS 26 and iPadOS 26, macOS Tahoe 26, tvOS 26, visionOS 26, watchOS 26. An input validation issue was addressed.","['cpe:2.3:o:apple:ipados:*:*:*:*:*:*:*:*', 'cpe:2.3:o:apple:iphone_os:*:*:*:*:*:*:*:*', 'cpe:2.3:o:apple:macos:*:*:*:*:*:*:*:*', 'cpe:2.3:o:apple:tvos:*:*:*:*:*:*:*:*', 'cpe:2.3:o:apple:visionos:*:*:*:*:*:*:*:*', 'cpe:2.3:o:apple:watchos:*:*:*:*:*:*:*:*']",10,['CWE-20'],3.1,CVSS:3.1/AV:N/AC:L/PR:N/UI:N/S:U/C:H/I:H/A:H,9.8,CRITICAL,NETWORK,LOW,NONE,NONE,UNCHANGED,HIGH,HIGH,HIGH,CVE-2025-43347,0.00156,0.37237,['apple']
2228,CVE-2025-43359,product-security@apple.com,2025-09-15 23:15:37.923,2026-06-17 09:23:50.130,Modified,"[{'source': 'product-security@apple.com', 'affectedData': [{'vendor': 'Apple', 'product': 'iOS and iPadOS', 'versions': [{'version': '0', 'lessThan': '18.7', 'versionType': 'custom', 'status': 'affected'}, {'version': '0', 'lessThan': '26', 'versionType': 'custom', 'status': 'affected'}]}, {'vendor': 'Apple', 'product': 'macOS', 'versions': [{'version': '0', 'lessThan': '14.8', 'versionType': 'custom', 'status': 'affected'}, {'version': '0', 'lessThan': '15.7', 'versionType': 'custom', 'status': 'affected'}, {'version': '0', 'lessThan': '26', 'versionType': 'custom', 'status': 'affected'}]}, {'vendor': 'Apple', 'product': 'tvOS', 'versions': [{'version': '0', 'lessThan': '26', 'versionType': 'custom', 'status': 'affected'}]}, {'vendor': 'Apple', 'product': 'visionOS', 'versions': [{'version': '0', 'lessThan': '26', 'versionType': 'custom', 'status': 'affected'}]}, {'vendor': 'Apple', 'product': 'watchOS', 'versions': [{'version': '0', 'lessThan': '26', 'versionType': 'custom', 'status': 'affected'}]}]}]","[{'source': '134c704f-9b21-4f2e-91b3-4a467353bcc0', 'ssvcData': {'timestamp': '2025-09-16T13:37:15.397338Z', 'id': 'CVE-2025-43359', 'options': [{'exploitation': 'none'}, {'automatable': 'yes'}, {'technicalImpact': 'total'}], 'role': 'CISA Coordinator', 'version': '2.0.3'}}]","[{'url': 'https://support.apple.com/en-us/125108', 'source': 'product-security@apple.com', 'tags': ['Release Notes', 'Vendor Advisory']}, {'url': 'https://support.apple.com/en-us/125109', 'source': 'product-security@apple.com', 'tags': ['Release Notes', 'Vendor Advisory']}, {'url': 'https://support.apple.com/en-us/125110', 'source': 'product-security@apple.com'}, {'url': 'https://support.apple.com/en-us/125111', 'source': 'product-security@apple.com', 'tags': ['Release Notes', 'Vendor Advisory']}, {'url': 'https://support.apple.com/en-us/125112', 'source': 'product-security@apple.com', 'tags': ['Release Notes', 'Vendor Advisory']}, {'url': 'https://support.apple.com/en-us/125114', 'source': 'product-security@apple.com', 'tags': ['Release Notes', 'Vendor Advisory']}, {'url': 'https://support.apple.com/en-us/125115', 'source': 'product-security@apple.com', 'tags': ['Release Notes', 'Vendor Advisory']}, {'url': 'https://support.apple.com/en-us/125116', 'source': 'product-security@apple.com', 'tags': ['Release Notes', 'Vendor Advisory']}, {'url': 'http://seclists.org/fulldisclosure/2025/Sep/49', 'source': 'af854a3a-2127-422b-91ae-364da2661108'}, {'url': 'http://seclists.org/fulldisclosure/2025/Sep/53', 'source': 'af854a3a-2127-422b-91ae-364da2661108'}, {'url': 'http://seclists.org/fulldisclosure/2025/Sep/54', 'source': 'af854a3a-2127-422b-91ae-364da2661108'}, {'url': 'http://seclists.org/fulldisclosure/2025/Sep/55', 'source': 'af854a3a-2127-422b-91ae-364da2661108'}, {'url': 'http://seclists.org/fulldisclosure/2025/Sep/56', 'source': 'af854a3a-2127-422b-91ae-364da2661108'}, {'url': 'http://seclists.org/fulldisclosure/2025/Sep/57', 'source': 'af854a3a-2127-422b-91ae-364da2661108'}, {'url': 'http://seclists.org/fulldisclosure/2025/Sep/58', 'source': 'af854a3a-2127-422b-91ae-364da2661108'}]",,,,,"A logic issue was addressed with improved state management. This issue is fixed in iOS 18.7 and iPadOS 18.7, iOS 26 and iPadOS 26, macOS Sequoia 15.7, macOS Sonoma 14.8, macOS Tahoe 26, tvOS 26, visionOS 26, watchOS 26. A UDP server socket bound to a local interface may become bound to all interfaces.","['cpe:2.3:o:apple:ipados:*:*:*:*:*:*:*:*', 'cpe:2.3:o:apple:iphone_os:*:*:*:*:*:*:*:*', 'cpe:2.3:o:apple:macos:*:*:*:*:*:*:*:*', 'cpe:2.3:o:apple:macos:*:*:*:*:*:*:*:*', 'cpe:2.3:o:apple:tvos:*:*:*:*:*:*:*:*', 'cpe:2.3:o:apple:visionos:*:*:*:*:*:*:*:*', 'cpe:2.3:o:apple:watchos:*:*:*:*:*:*:*:*']",15,['CWE-670'],3.1,CVSS:3.1/AV:N/AC:L/PR:N/UI:N/S:U/C:H/I:H/A:H,9.8,CRITICAL,NETWORK,LOW,NONE,NONE,UNCHANGED,HIGH,HIGH,HIGH,CVE-2025-43359,0.00064,0.20229,['apple']
2714,CVE-2025-10666,cna@vuldb.com,2025-09-18 13:15:33.977,2026-06-17 08:28:43.750,Modified,"[{'source': 'cna@vuldb.com', 'affectedData': [{'vendor': 'D-Link', 'product': 'DIR-825', 'versions': [{'version': '2.0', 'status': 'affected'}, {'version': '2.1', 'status': 'affected'}, {'version': '2.2', 'status': 'affected'}, {'version': '2.3', 'status': 'affected'}, {'version': '2.4', 'status': 'affected'}, {'version': '2.5', 'status': 'affected'}, {'version': '2.6', 'status': 'affected'}, {'version': '2.7', 'status': 'affected'}, {'version': '2.8', 'status': 'affected'}, {'version': '2.9', 'status': 'affected'}, {'version': '2.10', 'status': 'affected'}]}]}]","[{'source': '134c704f-9b21-4f2e-91b3-4a467353bcc0', 'ssvcData': {'timestamp': '2025-09-18T14:26:03.200787Z', 'id': 'CVE-2025-10666', 'options': [{'exploitation': 'poc'}, {'automatable': 'no'}, {'technicalImpact': 'total'}], 'role': 'CISA Coordinator', 'version': '2.0.3'}}]","[{'url': 'https://github.com/panda666-888/vuls/blob/main/d-link/dir-825/apply.cgi.md', 'source': 'cna@vuldb.com', 'tags': ['Exploit', 'Third Party Advisory']}, {'url': 'https://github.com/panda666-888/vuls/blob/main/d-link/dir-825/apply.cgi.md#poc', 'source': 'cna@vuldb.com', 'tags': ['Exploit', 'Third Party Advisory']}, {'url': 'https://vuldb.com/?ctiid.324787', 'source': 'cna@vuldb.com', 'tags': ['Permissions Required', 'VDB Entry']}, {'url': 'https://vuldb.com/?id.324787', 'source': 'cna@vuldb.com', 'tags': ['Third Party Advisory', 'VDB Entry']}, {'url': 'https://vuldb.com/?submit.652047', 'source': 'cna@vuldb.com', 'tags': ['Third Party Advisory', 'VDB Entry']}, {'url': 'https://www.dlink.com/', 'source': 'cna@vuldb.com', 'tags': ['Product']}, {'url': 'https://www.exploit-db.com/exploits/52469', 'source': 'af854a3a-2127-422b-91ae-364da2661108'}, {'url': 'https://github.com/panda666-888/vuls/blob/main/d-link/dir-825/apply.cgi.md', 'source': '134c704f-9b21-4f2e-91b3-4a467353bcc0', 'tags': ['Exploit', 'Third Party Advisory']}, {'url': 'https://github.com/panda666-888/vuls/blob/main/d-link/dir-825/apply.cgi.md#poc', 'source': '134c704f-9b21-4f2e-91b3-4a467353bcc0', 'tags': ['Exploit', 'Third Party Advisory']}]",,,,,A security flaw has been discovered in D-Link DIR-825 up to 2.10. Affected by this vulnerability is the function sub_4106d4 of the file apply.cgi. The manipulation of the argument countdown_time results in buffer overflow. The attack can be executed remotely. The exploit has been released to the public and may be exploited. This vulnerability only affects products that are no longer supported by the maintainer.,['cpe:2.3:o:dlink:dir-825_firmware:*:*:*:*:*:*:*:*'],9,"['CWE-119', 'CWE-120', 'CWE-120']",3.1,CVSS:3.1/AV:N/AC:L/PR:N/UI:N/S:U/C:H/I:H/A:H,9.8,CRITICAL,NETWORK,LOW,NONE,NONE,UNCHANGED,HIGH,HIGH,HIGH,CVE-2025-10666,0.00066,0.20918,['dlink']
3032,CVE-2025-10769,cna@vuldb.com,2025-09-21 10:15:48.443,2026-06-17 08:28:57.040,Analyzed,"[{'source': 'cna@vuldb.com', 'affectedData': [{'vendor': 'h2oai', 'product': 'h2o-3', 'modules': ['H2 JDBC Driver'], 'versions': [{'version': '3.46.08', 'status': 'affected'}]}]}]","[{'source': '134c704f-9b21-4f2e-91b3-4a467353bcc0', 'ssvcData': {'timestamp': '2025-09-22T17:25:34.976239Z', 'id': 'CVE-2025-10769', 'options': [{'exploitation': 'poc'}, {'automatable': 'no'}, {'technicalImpact': 'partial'}], 'role': 'CISA Coordinator', 'version': '2.0.3'}}]","[{'url': 'https://github.com/ez-lbz/poc/issues/51', 'source': 'cna@vuldb.com', 'tags': ['Broken Link']}, {'url': 'https://github.com/ez-lbz/poc/issues/51#issue-3391023368', 'source': 'cna@vuldb.com', 'tags': ['Broken Link']}, {'url': 'https://huntr.com/bounties/4066ce21-7148-44f5-8336-b1674c2f588d', 'source': 'cna@vuldb.com', 'tags': ['Exploit', 'Third Party Advisory']}, {'url': 'https://vuldb.com/?ctiid.325125', 'source': 'cna@vuldb.com', 'tags': ['Permissions Required', 'VDB Entry']}, {'url': 'https://vuldb.com/?id.325125', 'source': 'cna@vuldb.com', 'tags': ['Third Party Advisory', 'VDB Entry']}, {'url': 'https://vuldb.com/?submit.649728', 'source': 'cna@vuldb.com', 'tags': ['Third Party Advisory', 'VDB Entry']}, {'url': 'https://vuldb.com/?submit.649793', 'source': 'cna@vuldb.com', 'tags': ['Third Party Advisory', 'VDB Entry']}, {'url': 'https://github.com/ez-lbz/poc/issues/51', 'source': '134c704f-9b21-4f2e-91b3-4a467353bcc0', 'tags': ['Broken Link']}, {'url': 'https://github.com/ez-lbz/poc/issues/51#issue-3391023368', 'source': '134c704f-9b21-4f2e-91b3-4a467353bcc0', 'tags': ['Broken Link']}, {'url': 'https://huntr.com/bounties/4066ce21-7148-44f5-8336-b1674c2f588d', 'source': '134c704f-9b21-4f2e-91b3-4a467353bcc0', 'tags': ['Exploit', 'Third Party Advisory']}]",,,,,A vulnerability has been found in h2oai h2o-3 up to 3.46.08. This affects an unknown function of the file /99/ImportSQLTable of the component H2 JDBC Driver. Such manipulation of the argument connection_url leads to deserialization. The attack may be launched remotely. The exploit has been disclosed to the public and may be used. The vendor was contacted early about this disclosure but did not respond in any way.,['cpe:2.3:a:h2o:h2o:*:*:*:*:*:*:*:*'],10,"['CWE-20', 'CWE-502', 'CWE-502']",3.1,CVSS:3.1/AV:N/AC:L/PR:N/UI:N/S:U/C:H/I:H/A:H,9.8,CRITICAL,NETWORK,LOW,NONE,NONE,UNCHANGED,HIGH,HIGH,HIGH,CVE-2025-10769,0.00058,0.18167,['h2o']
3044,CVE-2025-10779,cna@vuldb.com,2025-09-22 04:15:45.437,2026-06-17 08:28:58.390,Analyzed,"[{'source': 'cna@vuldb.com', 'affectedData': [{'vendor': 'D-Link', 'product': 'DCS-935L', 'versions': [{'version': '1.13.01', 'status': 'affected'}]}]}]","[{'source': '134c704f-9b21-4f2e-91b3-4a467353bcc0', 'ssvcData': {'timestamp': '2025-09-22T15:54:38.822696Z', 'id': 'CVE-2025-10779', 'options': [{'exploitation': 'poc'}, {'automatable': 'no'}, {'technicalImpact': 'total'}], 'role': 'CISA Coordinator', 'version': '2.0.3'}}]","[{'url': 'https://github.com/scanleale/IOT_sec/blob/main/DCS-935L-1.pdf', 'source': 'cna@vuldb.com', 'tags': ['Exploit', 'Third Party Advisory']}, {'url': 'https://github.com/scanleale/IOT_sec/blob/main/DCS-935L-2.pdf', 'source': 'cna@vuldb.com', 'tags': ['Exploit', 'Third Party Advisory']}, {'url': 'https://vuldb.com/?ctiid.325135', 'source': 'cna@vuldb.com', 'tags': ['Permissions Required', 'VDB Entry']}, {'url': 'https://vuldb.com/?id.325135', 'source': 'cna@vuldb.com', 'tags': ['Third Party Advisory', 'VDB Entry']}, {'url': 'https://vuldb.com/?submit.653690', 'source': 'cna@vuldb.com', 'tags': ['Third Party Advisory', 'VDB Entry']}, {'url': 'https://vuldb.com/?submit.653691', 'source': 'cna@vuldb.com', 'tags': ['Third Party Advisory', 'VDB Entry']}, {'url': 'https://www.dlink.com/', 'source': 'cna@vuldb.com', 'tags': ['Product']}, {'url': 'https://github.com/scanleale/IOT_sec/blob/main/DCS-935L-1.pdf', 'source': '134c704f-9b21-4f2e-91b3-4a467353bcc0', 'tags': ['Exploit', 'Third Party Advisory']}, {'url': 'https://github.com/scanleale/IOT_sec/blob/main/DCS-935L-2.pdf', 'source': '134c704f-9b21-4f2e-91b3-4a467353bcc0', 'tags': ['Exploit', 'Third Party Advisory']}]",,,,,A vulnerability was found in D-Link DCS-935L up to 1.13.01. The impacted element is the function sub_402280 of the file /HNAP1/. The manipulation of the argument HNAP_AUTH/SOAPAction results in stack-based buffer overflow. The attack may be launched remotely. The exploit has been made public and could be used. This vulnerability only affects products that are no longer supported by the maintainer.,['cpe:2.3:o:dlink:dcs-935l_firmware:*:*:*:*:*:*:*:*'],9,"['CWE-119', 'CWE-121', 'CWE-787']",3.1,CVSS:3.1/AV:N/AC:L/PR:N/UI:N/S:U/C:H/I:H/A:H,9.8,CRITICAL,NETWORK,LOW,NONE,NONE,UNCHANGED,HIGH,HIGH,HIGH,CVE-2025-10779,0.00066,0.20918,['dlink']
